,title,postal_code,provider,beds,baths,sq_feet,price,,,,,postal_code,price,,postal_code,mean_price,,,
1,Condo for sale,94102,Sotheby's International Realty,2,2,1155,1495000,,,,,94102,1495000,,94102,1325827.731,,,
4,House for sale,94102,Compass,4,3,4200,2500000,,,,,94102,2500000,,94104,1727777.778,,Most expensive postal_codes,
5,House for sale,94102,Compass,8,6,6330,3800000,,,,,94102,3800000,,94103,925582,,94123,3562811.594
10,Condo for sale,94102,Compass SF,2,2,1219,1199000,,,,,94102,1199000,,94105,1566250,,94118,3590818.919
11,Condo for sale,94102,Keller Williams San Francisco,0,1,525,615000,,,,,94102,615000,,94123,3562811.594,,,
12,Condo for sale,94102,Corcoran Global Living,2,2,1099,939000,,,,,94102,939000,,94115,2552942.633,,Cheapest postal_codes,
13,Condo for sale,94102,CDMG at Fulton 555,1,1,716,745000,,,,,94102,745000,,94111,1493637.931,,94124,846047.1364
15,Condo for sale,94102,Generation Real Estate,1,1,556,495000,,,,,94102,495000,,94133,2567658.537,,94103,925582
17,Condo for sale,94102,Sotheby's International Realty,2,2,1360,1650000,,,,,94102,1650000,,94109,1378311.965,,,
18,House for sale,94102,City Real Estate,3,0,2200,1500000,,,,,94102,1500000,,94114,1898081.967,,,
20,New construction,94102,JS Sullivan Sales and Marketin,2,2,977,998000,,,,,94102,998000,,94158,1702327.655,,,
21,Condo for sale,94102,Mosaik Real Estate,1,1,804,999000,,,,,94102,999000,,94110,1395134.615,,,
22,Condo for sale,94102,City Real Estate,1,2,1121,1499000,,,,,94102,1499000,,94107,1227242.689,,,
23,Condo for sale,94102,Compass,1,1,709,679000,,,,,94102,679000,,94134,1130686.235,,,
24,House for sale,94102,Avenue 8 Inc.,6,6,3816,3290000,,,,,94102,3290000,,94118,3590818.919,,,
26,New construction,94102,JS Sullivan Sales and Marketin,1,1,568,649000,,,,,94102,649000,,94108,2696608.696,,,
27,House for sale,94102,Compass,10,3,4440,2995000,,,,,94102,2995000,,94112,1472620.655,,,
28,Condo for sale,94102,Corcoran Global Living,1,1,0,690000,,,,,94102,690000,,94117,2278559.184,,,
30,Condo for sale,94102,Compass,1,1,398,449000,,,,,94102,449000,,94116,1459875,,,
32,Lot / Land for sale,94102,Coldwell Banker Realty,0,0,0,2880000,,,,,94102,2880000,,94121,2930500,,,
33,Condo for sale,94102,Vanguard Properties,3,2,2655,1495000,,,,,94102,1495000,,94122,1514457.154,,,
34,Condo for sale,94102,Compass,0,1,518,460000,,,,,94102,460000,,94124,846047.1364,,,
36,Condo for sale,94102,Coldwell Banker Realty,1,1,652,549000,,,,,94102,549000,,94127,1612000,,,
37,New construction,94102,JS Sullivan Sales and Marketin,2,1,753,849000,,,,,94102,849000,,94131,2180621.622,,,
38,Condo for sale,94102,Vanguard Properties,1,1,674,382521,,,,,94102,382521,,94132,1312444.444,,,
39,Condo for sale,94102,Coldwell Banker Realty,1,1,682,670000,,,,,94102,670000,,,,,,
40,Condo for sale,94104,Marker Real Estate,3,3,2485,2995000,,,,,94104,2995000,,,,,,
41,Condo for sale,94104,Sotheby's International Realty,2,2,1510,1595000,,,,,94104,1595000,,,,,,
42,Condo for sale,94104,Compass,1,1,565,679000,,,,,94104,679000,,,,,,
43,Condo for sale,94104,Corcoran Global Living,1,1,806,948000,,,,,94104,948000,,,,,,
44,Condo for sale,94104,BarbCo,2,2,1431,1599000,,,,,94104,1599000,,,,,,
45,Condo for sale,94104,Compass,1,2,1290,995000,,,,,94104,995000,,,,,,
46,Condo for sale,94104,Berkshire Hathaway-Franciscan,1,1,658,749000,,,,,94104,749000,,,,,,
47,Condo for sale,94103,San Francisco Marketing,2,2,1565,1195000,,,,,94103,1195000,,,,,,
48,Condo for sale,94103,Vanguard Properties,1,1,541,595000,,,,,94103,595000,,,,,,
49,New construction,94103,Keller Williams San Francisco,2,2,955,700000,,,,,94103,700000,,,,,,
50,New construction,94103,Vanguard Properties,2,2,844,949000,,,,,94103,949000,,,,,,
51,Condo for sale,94103,Compass,2,1,1547,1349000,,,,,94103,1349000,,,,,,
53,Condo for sale,94103,Vanguard Properties,1,1,815,895000,,,,,94103,895000,,,,,,
54,Condo for sale,94103,"Keller, Scott",1,1,795,685000,,,,,94103,685000,,,,,,
55,Condo for sale,94103,Coldwell Banker Realty,2,3,1470,998000,,,,,94103,998000,,,,,,
58,Under Contract,94103,Compass,2,2,1319,1175000,,,,,94103,1175000,,,,,,
60,Condo for sale,94103,Compass,0,1,298,378000,,,,,94103,378000,,,,,,
61,Condo for sale,94103,Vanguard Properties,1,1,0,699000,,,,,94103,699000,,,,,,
62,Condo for sale,94103,Compass,2,2,2018,1695000,,,,,94103,1695000,,,,,,
64,House for sale,94103,Compass SF,2,2,1250,1150000,,,,,94103,1150000,,,,,,
65,Condo for sale,94103,Vanguard Properties,1,1,888,949000,,,,,94103,949000,,,,,,
66,Under Contract,94103,Coldwell Banker Realty,4,1,1894,1595000,,,,,94103,1595000,,,,,,
67,Condo for sale,94103,Park North Real Estate,2,1,925,938000,,,,,94103,938000,,,,,,
68,Condo for sale,94103,Compass,2,2,0,949000,,,,,94103,949000,,,,,,
70,Condo for sale,94103,Compass,1,1,626,710000,,,,,94103,710000,,,,,,
71,Condo for sale,94103,Compass,1,1,664,749000,,,,,94103,749000,,,,,,
74,House for sale,94103,"Andersen, Jung & Co.",3,2,0,1485000,,,,,94103,1485000,,,,,,
75,Condo for sale,94103,Compass SF,0,1,341,420000,,,,,94103,420000,,,,,,
76,Condo for sale,94103,Compass,1,2,875,895000,,,,,94103,895000,,,,,,
77,New construction,94103,Compass,0,1,494,495000,,,,,94103,495000,,,,,,
78,House for sale,94103,Vanguard Properties,12,0,4875,2400000,,,,,94103,2400000,,,,,,
79,Condo for sale,94103,Vanguard Properties,2,2,932,431846,,,,,94103,431846,,,,,,
80,Condo for sale,94103,Compass,1,1,739,799000,,,,,94103,799000,,,,,,
81,Condo for sale,94103,Compass SF,1,1,589,699000,,,,,94103,699000,,,,,,
82,Condo for sale,94103,Vanguard Properties,1,1,664,699000,,,,,94103,699000,,,,,,
83,Condo for sale,94103,Compass,1,2,1173,875000,,,,,94103,875000,,,,,,
84,Condo for sale,94103,JODI Group,1,1,745,799000,,,,,94103,799000,,,,,,
85,Condo for sale,94103,Vanguard Properties,2,2,1201,1275000,,,,,94103,1275000,,,,,,
86,Under Contract,94103,Kinoko,2,2,0,999000,,,,,94103,999000,,,,,,
87,Condo for sale,94105,Bay Real Estate Group,2,2,1259,1649000,,,,,94105,1649000,,,,,,
88,Condo for sale,94105,Bay Real Estate Group,2,2,1491,2599000,,,,,94105,2599000,,,,,,
90,Condo for sale,94105,Compass,1,1,694,749000,,,,,94105,749000,,,,,,
91,Condo for sale,94105,Compass,2,2,1268,2200000,,,,,94105,2200000,,,,,,
92,Condo for sale,94105,Compass,2,2,995,1150000,,,,,94105,1150000,,,,,,
94,Condo for sale,94105,Epic Real Estate & Asso. Inc.,1,2,1354,1588000,,,,,94105,1588000,,,,,,
95,Condo for sale,94105,Vanguard Properties,1,1,798,1050000,,,,,94105,1050000,,,,,,
96,Condo for sale,94105,"JSL Realty, Inc.",2,2,1215,1299000,,,,,94105,1299000,,,,,,
97,Condo for sale,94105,Sotheby's International Realty,1,1,851,1095000,,,,,94105,1095000,,,,,,
99,Condo for sale,94105,Real Estate Advisor Group,1,1,710,799000,,,,,94105,799000,,,,,,
100,New construction,94105,Skybox Realty,1,1,710,825000,,,,,94105,825000,,,,,,
101,Condo for sale,94105,Corcoran Global Living,3,3,2130,3295000,,,,,94105,3295000,,,,,,
104,Condo for sale,94105,Compass,2,2,0,1159000,,,,,94105,1159000,,,,,,
105,Condo for sale,94105,Skybox Realty,2,2,1177,1475000,,,,,94105,1475000,,,,,,
106,Condo for sale,94105,Marker Real Estate,2,3,1845,1925000,,,,,94105,1925000,,,,,,
107,New construction,94105,Polaris Pacific,3,4,5223,5995000,,,,,94105,5995000,,,,,,
109,Condo for sale,94105,Compass,0,1,498,610000,,,,,94105,610000,,,,,,
110,Condo for sale,94105,Compass,2,2,1401,1695000,,,,,94105,1695000,,,,,,
112,New construction,94105,"Helena Geng, Broker",1,2,916,1180000,,,,,94105,1180000,,,,,,
113,Condo for sale,94105,Coldwell Banker Realty,1,1,909,1100000,,,,,94105,1100000,,,,,,
114,New construction,94105,Polaris Pacific,2,2,1422,1695000,,,,,94105,1695000,,,,,,
115,Condo for sale,94105,Berkshire Hathaway-Franciscan,0,1,493,599000,,,,,94105,599000,,,,,,
116,Condo for sale,94105,Parc Bay Real Estate,1,1,669,798000,,,,,94105,798000,,,,,,
117,Condo for sale,94105,KW Peninsula Estates,1,1,493,639000,,,,,94105,639000,,,,,,
118,Condo for sale,94105,Compass,0,1,486,615000,,,,,94105,615000,,,,,,
120,Condo for sale,94105,City Real Estate,2,2,1019,1295000,,,,,94105,1295000,,,,,,
121,Condo for sale,94105,Skybox Realty,1,1,733,850000,,,,,94105,850000,,,,,,
122,Condo for sale,94105,Compass,1,0,840,1195000,,,,,94105,1195000,,,,,,
123,Condo for sale,94105,Compass,1,1,873,915000,,,,,94105,915000,,,,,,
124,Under Contract,94105,Engel & Voelkers San Francisco,2,2,1434,1729000,,,,,94105,1729000,,,,,,
125,New construction,94105,CDMG at 181 Fremont St.,2,2,1637,3800000,,,,,94105,3800000,,,,,,
126,Condo for sale,94105,Compass SF,1,1,789,925000,,,,,94105,925000,,,,,,
128,Under Contract,94123,Compass,4,4,3774,3750000,,,,,94123,3750000,,,,,,
129,Condo for sale,94123,Sotheby's International Realty,3,2,0,2250000,,,,,94123,2250000,,,,,,
130,House for sale,94123,Compass,5,5,4175,7250000,,,,,94123,7250000,,,,,,
132,House for sale,94123,Trident Real Estate,12,0,9450,7600000,,,,,94123,7600000,,,,,,
133,Under Contract,94123,City Real Estate,2,2,1128,1250000,,,,,94123,1250000,,,,,,
134,House for sale,94123,Compass,3,3,2442,2295000,,,,,94123,2295000,,,,,,
135,Under Contract,94123,Golden Gate Sotheby's Intl,1,1,670,849000,,,,,94123,849000,,,,,,
137,Condo for sale,94123,Compass,3,3,2100,2497000,,,,,94123,2497000,,,,,,
139,New construction,94123,JS Sullivan Sales and Marketin,3,3,2073,3125000,,,,,94123,3125000,,,,,,
140,House for sale,94123,Corcoran Global Living,1,1,806,825000,,,,,94123,825000,,,,,,
141,Condo for sale,94123,Compass SF,0,1,0,799000,,,,,94123,799000,,,,,,
142,House for sale,94123,Sotheby's International Realty,3,3,2260,2598000,,,,,94123,2598000,,,,,,
143,New construction,94123,Compass,6,6,7195,14500000,,,,,94123,14500000,,,,,,
144,House for sale,94123,Sotheby's International Realty,10,7,5890,5500000,,,,,94123,5500000,,,,,,
145,Condo for sale,94123,Sotheby's International Realty,3,3,1717,1995000,,,,,94123,1995000,,,,,,
149,New construction,94123,JS Sullivan Sales and Marketin,1,1,697,998000,,,,,94123,998000,,,,,,
150,Condo for sale,94123,Corcoran Global Living,3,4,2529,3150000,,,,,94123,3150000,,,,,,
151,House for sale,94123,Compass,5,6,4206,6500000,,,,,94123,6500000,,,,,,
152,House for sale,94123,Colliers International,6,0,6324,4000000,,,,,94123,4000000,,,,,,
153,House for sale,94123,Compass,5,5,3274,3700000,,,,,94123,3700000,,,,,,
154,House for sale,94123,Compass,4,4,5142,13999000,,,,,94123,13999000,,,,,,
155,House for sale,94123,Mark Vasquez,2,2,1320,1395000,,,,,94123,1395000,,,,,,
156,House for sale,94123,Mark Vasquez,5,0,3276,3795000,,,,,94123,3795000,,,,,,
157,New construction,94123,Vanguard Properties,2,2,1044,1695000,,,,,94123,1695000,,,,,,
158,Under Contract,94123,Sotheby's International Realty,5,0,3107,2495000,,,,,94123,2495000,,,,,,
159,House for sale,94123,Sotheby's International Realty,5,0,4188,3600000,,,,,94123,3600000,,,,,,
160,House for sale,94123,Compass,3,4,3111,4500000,,,,,94123,4500000,,,,,,
161,Condo for sale,94123,Coldwell Banker Realty,2,2,1595,1795000,,,,,94123,1795000,,,,,,
162,House for sale,94123,Kinoko,3,1,3037,2645000,,,,,94123,2645000,,,,,,
163,Condo for sale,94123,Compass,2,2,0,1595000,,,,,94123,1595000,,,,,,
164,New construction,94123,Vanguard Properties,2,2,1200,1649000,,,,,94123,1649000,,,,,,
165,New construction,94123,Vanguard Properties,1,1,721,1049000,,,,,94123,1049000,,,,,,
166,Under Contract,94123,Sotheby's International Realty,2,2,1434,1649000,,,,,94123,1649000,,,,,,
167,Condo for sale,94115,Coldwell Banker Realty,4,5,4004,4698000,,,,,94115,4698000,,,,,,
168,Condo for sale,94103,San Francisco Marketing,2,2,1565,1195000,,,,,94103,1195000,,,,,,
170,Condo for sale,94111,Compass SF,1,1,1006,960000,,,,,94111,960000,,,,,,
171,Condo for sale,94133,Compass,1,1,700,789000,,,,,94133,789000,,,,,,
172,Condo for sale,94103,Vanguard Properties,1,1,541,595000,,,,,94103,595000,,,,,,
173,Condo for sale,94109,Present Financial Properties,1,1,653,649000,,,,,94109,649000,,,,,,
175,New construction,94103,Keller Williams San Francisco,2,2,955,700000,,,,,94103,700000,,,,,,
176,Condo for sale,94105,Bay Real Estate Group,2,2,1259,1649000,,,,,94105,1649000,,,,,,
177,Under Contract,94109,North Point Real Estate,2,1,852,1400000,,,,,94109,1400000,,,,,,
178,Condo for sale,94105,Bay Real Estate Group,2,2,1491,2599000,,,,,94105,2599000,,,,,,
179,Condo for sale,94109,T. Okamoto & Co.,1,1,616,599000,,,,,94109,599000,,,,,,
181,House for sale,94115,Compass,3,2,1032,699000,,,,,94115,699000,,,,,,
183,Condo for sale,94109,Compass,3,2,1258,1349000,,,,,94109,1349000,,,,,,
184,Condo for sale,94111,San Francisco R.E. Svcs.,2,2,1532,1450000,,,,,94111,1450000,,,,,,
185,House for sale,94114,Compass,4,2,2112,1895000,,,,,94114,1895000,,,,,,
186,Condo for sale,94111,Compass,1,1,1030,949000,,,,,94111,949000,,,,,,
187,Condo for sale,94158,Vanguard Properties,2,2,1569,2698888,,,,,94158,2698888,,,,,,
188,Condo for sale,94105,Compass,1,1,694,749000,,,,,94105,749000,,,,,,
189,House for sale,94110,Vanguard Properties,3,2,1475,1295000,,,,,94110,1295000,,,,,,
190,Condo for sale,94107,Vanguard Properties,3,3,1642,1245000,,,,,94107,1245000,,,,,,
191,New construction,94103,Vanguard Properties,2,2,844,949000,,,,,94103,949000,,,,,,
192,Condo for sale,94109,Coldwell Banker Realty,2,2,1382,950000,,,,,94109,950000,,,,,,
193,Condo for sale,94107,Compass,3,1,1297,1050000,,,,,94107,1050000,,,,,,
195,Condo for sale,94105,Compass,2,2,1268,2200000,,,,,94105,2200000,,,,,,
196,Condo for sale,94114,Ascend Real Estate,3,2,1605,1799000,,,,,94114,1799000,,,,,,
197,Condo for sale,94107,Inspire Real Estate,2,2,1763,1450000,,,,,94107,1450000,,,,,,
198,Condo for sale,94110,Compass,1,2,1003,1099000,,,,,94110,1099000,,,,,,
199,Condo for sale,94105,Compass,2,2,995,1150000,,,,,94105,1150000,,,,,,
201,Condo for sale,94104,Marker Real Estate,3,3,2485,2995000,,,,,94104,2995000,,,,,,
202,Condo for sale,94103,Compass,2,1,1547,1349000,,,,,94103,1349000,,,,,,
203,Condo for sale,94107,Coldwell Banker Realty,1,2,860,875000,,,,,94107,875000,,,,,,
205,Condo for sale,94107,Corcoran Global Living,1,1,887,898000,,,,,94107,898000,,,,,,
206,Condo for sale,94107,Corcoran Global Living,1,1,866,998000,,,,,94107,998000,,,,,,
207,House for sale,94134,Compass Commercial,6,4,3227,1550000,,,,,94134,1550000,,,,,,
210,House for sale,94134,Better Homes and Gardens Thriv,3,2,1175,998889,,,,,94134,998889,,,,,,
211,Condo for sale,94134,Compass,3,2,1424,974000,,,,,94134,974000,,,,,,
212,Condo for sale,94134,Far East Realty,2,2,935,699000,,,,,94134,699000,,,,,,
216,House for sale,94134,Compass,4,4,2640,1050000,,,,,94134,1050000,,,,,,
218,House for sale,94134,Corcoran Global Living,3,2,0,1150000,,,,,94134,1150000,,,,,,
219,Condo for sale,94134,Vanguard Properties,2,2,935,698000,,,,,94134,698000,,,,,,
224,Condo for sale,94134,Compass SF,2,2,1073,738000,,,,,94134,738000,,,,,,
225,Under Contract,94134,Intero Real Estate Services,4,0,2122,1448888,,,,,94134,1448888,,,,,,
227,House for sale,94134,Coldwell Banker Realty,2,2,2100,899000,,,,,94134,899000,,,,,,
228,House for sale,94134,Green Banker,4,3,2610,1350000,,,,,94134,1350000,,,,,,
229,Under Contract,94134,Compass SF,1,1,807,599000,,,,,94134,599000,,,,,,
230,House for sale,94134,BarbCo,3,2,1396,795000,,,,,94134,795000,,,,,,
232,Lot / Land for sale,94134,The Agency,0,0,0,3600000,,,,,94134,3600000,,,,,,
234,Condo for sale,94115,Coldwell Banker Realty,4,5,4004,4698000,,,,,94115,4698000,,,,,,
235,Condo for sale,94115,Sotheby's International Realty,3,3,1891,1849000,,,,,94115,1849000,,,,,,
236,Condo for sale,94115,Sotheby's International Realty,4,2,2321,2149000,,,,,94115,2149000,,,,,,
237,Condo for sale,94115,Compass,3,3,1881,2295000,,,,,94115,2295000,,,,,,
238,New construction,94115,"Helena Geng, Broker",3,4,2888,5800000,,,,,94115,5800000,,,,,,
239,House for sale,94115,Compass,3,2,1032,699000,,,,,94115,699000,,,,,,
240,House for sale,94115,Sotheby's International Realty,5,5,5137,4995000,,,,,94115,4995000,,,,,,
241,Condo for sale,94115,Vanguard Properties,1,1,712,849000,,,,,94115,849000,,,,,,
242,House for sale,94115,Corcoran Global Living,2,1,1393,1099000,,,,,94115,1099000,,,,,,
243,House for sale,94115,Corcoran Global Living,2,1,1015,799000,,,,,94115,799000,,,,,,
244,House for sale,94115,Corcoran Global Living,1,1,570,499000,,,,,94115,499000,,,,,,
245,House for sale,94115,Corcoran Global Living,2,1,1351,979000,,,,,94115,979000,,,,,,
246,Condo for sale,94115,GPK Luxury Real Estate,3,4,3200,5895000,,,,,94115,5895000,,,,,,
247,Condo for sale,94115,Compass,2,1,0,1325000,,,,,94115,1325000,,,,,,
248,Condo for sale,94115,Compass,3,2,1569,1680000,,,,,94115,1680000,,,,,,
249,Condo for sale,94115,Norcal Realty,3,3,1513,1395000,,,,,94115,1395000,,,,,,
250,Condo for sale,94115,Compass,2,2,1211,1349000,,,,,94115,1349000,,,,,,
251,House for sale,94115,Compass SF,3,2,2450,2999000,,,,,94115,2999000,,,,,,
252,Condo for sale,94115,Keller Williams San Francisco,3,2,1375,1995000,,,,,94115,1995000,,,,,,
253,Condo for sale,94115,Vanguard Properties,1,1,810,899000,,,,,94115,899000,,,,,,
254,House for sale,94115,Corcoran Global Living,2,2,0,1177000,,,,,94115,1177000,,,,,,
255,Condo for sale,94115,Sequoia Real Estate,1,1,740,343558,,,,,94115,343558,,,,,,
259,House for sale,94115,"Andersen, Jung & Co.",9,7,3271,3999000,,,,,94115,3999000,,,,,,
260,Condo for sale,94115,Sotheby's International Realty,5,4,5180,7950000,,,,,94115,7950000,,,,,,
261,House for sale,94115,Sotheby's International Realty,4,4,3445,3499000,,,,,94115,3499000,,,,,,
262,Condo for sale,94115,Sotheby's International Realty,3,4,2680,4695000,,,,,94115,4695000,,,,,,
263,Condo for sale,94115,Marker Real Estate,1,1,653,674000,,,,,94115,674000,,,,,,
264,Condo for sale,94115,Sotheby's International Realty,1,2,1172,1170000,,,,,94115,1170000,,,,,,
265,Condo for sale,94115,Sotheby's International Realty,2,2,1496,1645000,,,,,94115,1645000,,,,,,
266,House for sale,94115,Sotheby's International Realty,2,3,0,2500000,,,,,94115,2500000,,,,,,
267,House for sale,94115,Vanguard Properties,4,2,1770,1650000,,,,,94115,1650000,,,,,,
268,Condo for sale,94115,Compass,3,3,2117,2690000,,,,,94115,2690000,,,,,,
269,Under Contract,94115,Compass SF,0,1,0,630000,,,,,94115,630000,,,,,,
270,Condo for sale,94115,Sotheby's International Realty,2,3,1332,1499000,,,,,94115,1499000,,,,,,
271,Condo for sale,94115,Artemis Real Estate,3,3,2220,1995000,,,,,94115,1995000,,,,,,
272,House for sale,94115,Compass,5,3,3400,3250000,,,,,94115,3250000,,,,,,
273,Under Contract,94115,Compass,1,1,550,499000,,,,,94115,499000,,,,,,
274,Condo for sale,94118,Coldwell Banker Realty,2,2,1120,1001150,,,,,94118,1001150,,,,,,
275,Condo for sale,94118,Corcoran Global Living,3,3,0,1950000,,,,,94118,1950000,,,,,,
276,Condo for sale,94118,Compass,3,3,2291,1895000,,,,,94118,1895000,,,,,,
277,Condo for sale,94118,Keller Williams San Francisco,4,3,2700,2495000,,,,,94118,2495000,,,,,,
278,House for sale,94118,Compass,3,1,1100,948000,,,,,94118,948000,,,,,,
279,House for sale,94118,Compass,2,1,840,838000,,,,,94118,838000,,,,,,
280,House for sale,94118,Keller Williams San Francisco,5,2,2233,2000000,,,,,94118,2000000,,,,,,
281,House for sale,94118,Compass SF,10,4,4893,2500000,,,,,94118,2500000,,,,,,
282,House for sale,94118,Redmond Realty,6,3,2330,1595000,,,,,94118,1595000,,,,,,
283,House for sale,94118,Corcoran Global Living,7,6,4545,4995000,,,,,94118,4995000,,,,,,
284,House for sale,94118,Compass,6,8,8930,25000000,,,,,94118,25000000,,,,,,
285,Condo for sale,94118,Sotheby's International Realty,2,2,2025,2595000,,,,,94118,2595000,,,,,,
286,House for sale,94118,Compass,4,0,3632,2450000,,,,,94118,2450000,,,,,,
287,House for sale,94118,BarbCo,4,2,2130,2095000,,,,,94118,2095000,,,,,,
288,Under Contract,94118,Compass,2,2,0,1068000,,,,,94118,1068000,,,,,,
290,Condo for sale,94118,Compass,3,2,1600,1500000,,,,,94118,1500000,,,,,,
291,House for sale,94118,Salma & Company,0,0,2620,1950000,,,,,94118,1950000,,,,,,
292,House for sale,94118,Compass,5,4,3550,4200000,,,,,94118,4200000,,,,,,
293,Under Contract,94118,Mosaik Real Estate,2,2,1470,1395000,,,,,94118,1395000,,,,,,
294,House for sale,94118,Compass,5,4,0,2850000,,,,,94118,2850000,,,,,,
295,Condo for sale,94118,Better Homes and Gardens Thriv,2,2,950,995000,,,,,94118,995000,,,,,,
296,House for sale,94118,Sotheby's International Realty,5,4,5876,4900000,,,,,94118,4900000,,,,,,
297,House for sale,94118,Compass,6,7,10040,20000000,,,,,94118,20000000,,,,,,
298,House for sale,94118,Sotheby's International Realty,4,3,4609,8495000,,,,,94118,8495000,,,,,,
299,Multi-family home for sale,94118,Compass,0,0,3550,4200000,,,,,94118,4200000,,,,,,
300,House for sale,94118,Sotheby's International Realty,4,2,3276,1999000,,,,,94118,1999000,,,,,,
301,House for sale,94118,Venture Properties,9,6,5640,3595000,,,,,94118,3595000,,,,,,
302,House for sale,94118,Laurel Properties,5,0,3635,2150000,,,,,94118,2150000,,,,,,
303,House for sale,94118,Laurel Realty & Investment,20,0,13252,7700000,,,,,94118,7700000,,,,,,
304,House for sale,94118,Compass,5,4,3118,1690000,,,,,94118,1690000,,,,,,
305,Condo for sale,94118,Compass,0,0,0,575000,,,,,94118,575000,,,,,,
307,Condo for sale,94108,GPK Luxury Real Estate,2,3,1961,3195000,,,,,94108,3195000,,,,,,
308,Condo for sale,94108,GPK Luxury Real Estate,3,4,2780,6950000,,,,,94108,6950000,,,,,,
309,Condo for sale,94108,Sotheby's International Realty,2,3,2780,7500000,,,,,94108,7500000,,,,,,
310,House for sale,94108,Colliers International,9,0,7928,4080000,,,,,94108,4080000,,,,,,
311,Condo for sale,94108,Sotheby's International Realty,0,1,353,515000,,,,,94108,515000,,,,,,
312,Condo for sale,94108,Coldwell Banker Realty,0,1,366,508000,,,,,94108,508000,,,,,,
313,Condo for sale,94108,Berkshire Hathaway Drysdale Pr,1,1,750,719000,,,,,94108,719000,,,,,,
314,Condo for sale,94108,GPK Luxury Real Estate,1,1,1056,1095000,,,,,94108,1095000,,,,,,
315,Condo for sale,94108,Vanguard Properties,2,2,1428,1395000,,,,,94108,1395000,,,,,,
316,House for sale,94108,Sotheby's International Realty,3,4,2412,4000000,,,,,94108,4000000,,,,,,
317,Condo for sale,94108,Coldwell Banker Realty,2,2,0,1250000,,,,,94108,1250000,,,,,,
318,Condo for sale,94108,North Point Real Estate,1,1,900,785000,,,,,94108,785000,,,,,,
319,House for sale,94108,Compass,3,3,2571,3200000,,,,,94108,3200000,,,,,,
320,Condo for sale,94108,GPK Luxury Real Estate,0,1,437,545000,,,,,94108,545000,,,,,,
321,Townhouse for sale,94108,Sotheby's International Realty,3,4,3465,3450000,,,,,94108,3450000,,,,,,
322,Condo for sale,94108,Coldwell Banker Realty,1,1,705,795000,,,,,94108,795000,,,,,,
323,Condo for sale,94108,GPK Luxury Real Estate,2,2,1399,1645000,,,,,94108,1645000,,,,,,
324,Condo for sale,94108,GPK Luxury Real Estate,2,2,2027,3795000,,,,,94108,3795000,,,,,,
325,House for sale,94108,Sotheby's International Realty,2,2,1729,2525000,,,,,94108,2525000,,,,,,
326,House for sale,94108,Sotheby's International Realty,4,3,4822,8250000,,,,,94108,8250000,,,,,,
327,House for sale,94108,Marcus & Millichap,0,0,3600,2480000,,,,,94108,2480000,,,,,,
328,Condo for sale,94108,Sotheby's International Realty,0,1,411,545000,,,,,94108,545000,,,,,,
329,Condo for sale,94108,Coldwell Banker Realty,4,4,2454,2800000,,,,,94108,2800000,,,,,,
332,Condo for sale,94107,Vanguard Properties,3,3,1642,1245000,,,,,94107,1245000,,,,,,
333,Condo for sale,94107,Compass,3,1,1297,1050000,,,,,94107,1050000,,,,,,
334,Condo for sale,94107,Inspire Real Estate,2,2,1763,1450000,,,,,94107,1450000,,,,,,
336,Condo for sale,94107,Coldwell Banker Realty,1,2,860,875000,,,,,94107,875000,,,,,,
337,Condo for sale,94107,Corcoran Global Living,1,1,887,898000,,,,,94107,898000,,,,,,
338,Condo for sale,94107,Corcoran Global Living,1,1,866,998000,,,,,94107,998000,,,,,,
339,Condo for sale,94107,Compass,2,2,1520,1495000,,,,,94107,1495000,,,,,,
340,Condo for sale,94107,Compass SF,0,1,592,645000,,,,,94107,645000,,,,,,
341,Condo for sale,94107,Redfin,1,2,1030,975000,,,,,94107,975000,,,,,,
345,House for sale,94107,Compass,3,2,1605,1649000,,,,,94107,1649000,,,,,,
346,House for sale,94107,Compass,3,2,1191,1349000,,,,,94107,1349000,,,,,,
348,House for sale,94107,Corcoran Global Living,7,7,5247,2549000,,,,,94107,2549000,,,,,,
349,House for sale,94107,Harper Real Estate,1,1,368,298000,,,,,94107,298000,,,,,,
350,Condo for sale,94107,BarbCo,2,2,1892,2399000,,,,,94107,2399000,,,,,,
351,Condo for sale,94107,Vanguard Properties,2,2,1560,2399000,,,,,94107,2399000,,,,,,
354,Condo for sale,94107,Compass SF,2,3,1234,1589000,,,,,94107,1589000,,,,,,
355,Condo for sale,94107,"JSL Realty, Inc.",1,2,908,1049000,,,,,94107,1049000,,,,,,
356,Condo for sale,94107,AMSI,2,2,1442,1349000,,,,,94107,1349000,,,,,,
357,Condo for sale,94107,Sotheby's International Realty,1,1,814,749000,,,,,94107,749000,,,,,,
358,Townhouse for sale,94107,Corcoran Global Living,1,1,950,899000,,,,,94107,899000,,,,,,
360,Condo for sale,94107,Vanguard Properties,1,1,896,898888,,,,,94107,898888,,,,,,
361,Condo for sale,94107,Keller Williams San Francisco,2,2,1230,1239000,,,,,94107,1239000,,,,,,
362,Condo for sale,94107,Compass,1,1,485,263033,,,,,94107,263033,,,,,,
365,Condo for sale,94107,Compass,2,2,924,1350000,,,,,94107,1350000,,,,,,
366,Condo for sale,94107,Redfin,2,2,964,1190000,,,,,94107,1190000,,,,,,
367,House for sale,94107,Keller Williams,8,3,5040,3200000,,,,,94107,3200000,,,,,,
368,Condo for sale,94107,Compass,1,1,691,749000,,,,,94107,749000,,,,,,
369,Condo for sale,94107,Vanguard Properties,2,2,1225,1249000,,,,,94107,1249000,,,,,,
370,Condo for sale,94107,Vanguard Properties,1,1,0,749000,,,,,94107,749000,,,,,,
371,Under Contract,94107,Compass,2,2,1344,1349000,,,,,94107,1349000,,,,,,
372,Condo for sale,94111,Compass SF,1,1,1006,960000,,,,,94111,960000,,,,,,
373,Condo for sale,94111,San Francisco R.E. Svcs.,2,2,1532,1450000,,,,,94111,1450000,,,,,,
374,Condo for sale,94111,Compass,1,1,1030,949000,,,,,94111,949000,,,,,,
375,Condo for sale,94111,Corcoran Global Living,1,1,503,569000,,,,,94111,569000,,,,,,
376,Condo for sale,94111,Corcoran Global Living,1,1,580,552000,,,,,94111,552000,,,,,,
377,Under Contract,94111,Sotheby's International Realty,1,2,840,1100000,,,,,94111,1100000,,,,,,
378,House for sale,94111,Compass,0,0,0,12000000,,,,,94111,12000000,,,,,,
379,House for sale,94111,Compass,0,0,0,5000000,,,,,94111,5000000,,,,,,
380,Condo for sale,94111,Sotheby's International Realty,1,1,709,634500,,,,,94111,634500,,,,,,
381,Condo for sale,94111,Compass,1,1,580,529000,,,,,94111,529000,,,,,,
382,Condo for sale,94111,Coldwell Banker Realty,2,2,1719,1669000,,,,,94111,1669000,,,,,,
383,Under Contract,94111,Corcoran Global Living,1,1,580,520000,,,,,94111,520000,,,,,,
384,Condo for sale,94111,San Francisco R.E. Svcs.,1,1,989,979000,,,,,94111,979000,,,,,,
385,Under Contract,94111,Compass,1,1,617,529000,,,,,94111,529000,,,,,,
386,Under Contract,94111,Compass,1,1,620,589000,,,,,94111,589000,,,,,,
387,Condo for sale,94111,Sotheby's International Realty,1,1,566,555000,,,,,94111,555000,,,,,,
388,Condo for sale,94111,Park North Real Estate,2,2,1423,1295000,,,,,94111,1295000,,,,,,
392,House for sale,94112,Coldwell Banker Realty,5,4,2753,2249000,,,,,94112,2249000,,,,,,
393,Condo for sale,94112,Intero Real Estate Services,4,2,2444,1388000,,,,,94112,1388000,,,,,,
394,House for sale,94112,Compass,4,3,1660,899000,,,,,94112,899000,,,,,,
395,House for sale,94112,JODI Group,4,3,2760,1100000,,,,,94112,1100000,,,,,,
396,House for sale,94112,"eXp Realty of California, Inc",4,4,2250,1395000,,,,,94112,1395000,,,,,,
397,House for sale,94112,MaxReal,3,2,1083,949000,,,,,94112,949000,,,,,,
398,House for sale,94112,Compass SF,4,4,4040,995000,,,,,94112,995000,,,,,,
399,Lot / Land for sale,94112,Compass SF,0,0,0,559000,,,,,94112,559000,,,,,,
400,House for sale,94112,RE/MAX Gold Daly City,4,3,2050,1250000,,,,,94112,1250000,,,,,,
402,House for sale,94112,"Andersen, Jung & Co.",5,3,2344,1388000,,,,,94112,1388000,,,,,,
403,Under Contract,94112,Sotheby's International Realty,2,1,850,959000,,,,,94112,959000,,,,,,
404,House for sale,94112,"Andersen, Jung & Co.",5,0,2344,1388000,,,,,94112,1388000,,,,,,
405,Under Contract,94112,Jenny He Realty Associates,4,3,1995,1599000,,,,,94112,1599000,,,,,,
406,Under Contract,94112,Century 21 Baldini Realty,3,2,1278,1200000,,,,,94112,1200000,,,,,,
407,House for sale,94112,BarbCo,5,4,1729,1495000,,,,,94112,1495000,,,,,,
408,House for sale,94112,Bay One Realty,5,5,2083,1099000,,,,,94112,1099000,,,,,,
409,House for sale,94112,Coldwell Banker Realty,5,3,1820,1399000,,,,,94112,1399000,,,,,,
412,Under Contract,94112,"Prime Metropolis Prop., Inc.",3,1,950,1195000,,,,,94112,1195000,,,,,,
413,House for sale,94112,Global Realty,4,3,2337,1399000,,,,,94112,1399000,,,,,,
414,House for sale,94112,Compass,5,0,2100,1095000,,,,,94112,1095000,,,,,,
415,House for sale,94112,Corcoran Global Living,5,5,3092,1725000,,,,,94112,1725000,,,,,,
416,Under Contract,94112,Compass,2,2,0,1285000,,,,,94112,1285000,,,,,,
417,Multi-family home for sale,94112,Far East Realty,4,2,1400,989000,,,,,94112,989000,,,,,,
418,Multi-family home for sale,94112,Starboard Commercial Brokerage,12,0,11146,4988000,,,,,94112,4988000,,,,,,
419,Under Contract,94112,Berkshire Hathaway-Franciscan,18,0,10641,3895000,,,,,94112,3895000,,,,,,
420,Multi-family home for sale,94112,"Maven Commercial, Inc.",5,3,2250,950000,,,,,94112,950000,,,,,,
421,Under Contract,94112,Vanguard Properties,3,4,2785,1495000,,,,,94112,1495000,,,,,,
422,Condo for sale,94112,Bay Real Estate Group,2,2,1387,879000,,,,,94112,879000,,,,,,
428,House for sale,94112,Asahi Realty,2,1,2136,1499999,,,,,94112,1499999,,,,,,
430,House for sale,94110,Engel & Voelkers San Francisco,3,2,1518,2325000,,,,,94110,2325000,,,,,,
431,House for sale,94110,Redfin,3,2,1450,1190000,,,,,94110,1190000,,,,,,
433,Condo for sale,94110,Compass,2,1,842,759000,,,,,94110,759000,,,,,,
434,House for sale,94110,Vanguard Properties,3,2,1475,1295000,,,,,94110,1295000,,,,,,
435,Condo for sale,94110,Compass,1,2,1003,1099000,,,,,94110,1099000,,,,,,
436,House for sale,94110,Compass,3,2,1250,1249000,,,,,94110,1249000,,,,,,
437,Condo for sale,94110,Compass,2,2,1056,1249000,,,,,94110,1249000,,,,,,
439,Condo for sale,94110,Compass SF,2,2,1562,1595000,,,,,94110,1595000,,,,,,
440,House for sale,94110,Corcoran Global Living,2,3,2011,1095000,,,,,94110,1095000,,,,,,
441,Under Contract,94110,Compass,1,2,1121,1550000,,,,,94110,1550000,,,,,,
442,House for sale,94110,Makras Real Estate,4,1,6350,2600000,,,,,94110,2600000,,,,,,
443,House for sale,94110,Makras Real Estate,8,1,2625,1200000,,,,,94110,1200000,,,,,,
444,House for sale,94110,Vanguard Properties,4,2,1990,1498000,,,,,94110,1498000,,,,,,
445,House for sale,94110,Corcoran Global Living,2,2,1300,1098000,,,,,94110,1098000,,,,,,
446,Condo for sale,94110,Keller Williams San Francisco,2,2,1162,998000,,,,,94110,998000,,,,,,
447,House for sale,94110,Vanguard Properties,3,3,2262,1750000,,,,,94110,1750000,,,,,,
448,Condo for sale,94110,Compass SF,0,1,1075,865000,,,,,94110,865000,,,,,,
449,Under Contract,94110,Sotheby's International Realty,3,2,0,1495000,,,,,94110,1495000,,,,,,
450,House for sale,94110,Compass,3,2,0,1195000,,,,,94110,1195000,,,,,,
451,Condo for sale,94110,Sotheby's International Realty,2,2,1570,1595000,,,,,94110,1595000,,,,,,
453,Condo for sale,94110,Compass,2,2,0,1250000,,,,,94110,1250000,,,,,,
454,Under Contract,94110,Vanguard Properties,2,1,993,949000,,,,,94110,949000,,,,,,
455,Condo for sale,94110,Compass,2,2,1058,999000,,,,,94110,999000,,,,,,
456,House for sale,94110,Corcoran Global Living,4,2,2700,1695000,,,,,94110,1695000,,,,,,
457,House for sale,94110,Marcus & Millichap,0,0,5990,3000000,,,,,94110,3000000,,,,,,
458,Condo for sale,94110,Vanguard Properties,3,3,1713,1795000,,,,,94110,1795000,,,,,,
459,New construction,94110,Polaris Realty,3,4,1975,2495000,,,,,94110,2495000,,,,,,
461,New construction,94110,Vanguard Properties,1,1,0,745000,,,,,94110,745000,,,,,,
462,House for sale,94110,Vanguard Properties,8,5,4585,2150000,,,,,94110,2150000,,,,,,
463,House for sale,94110,Polaris Realty,2,1,0,939000,,,,,94110,939000,,,,,,
464,House for sale,94110,ARG Real Estate,4,4,0,4995000,,,,,94110,4995000,,,,,,
466,Under Contract,94110,Compass SF,2,1,1334,1195000,,,,,94110,1195000,,,,,,
470,Condo for sale,94109,Present Financial Properties,1,1,653,649000,,,,,94109,649000,,,,,,
471,Under Contract,94109,North Point Real Estate,2,1,852,1400000,,,,,94109,1400000,,,,,,
472,Condo for sale,94109,T. Okamoto & Co.,1,1,616,599000,,,,,94109,599000,,,,,,
473,Condo for sale,94109,Compass,3,2,1258,1349000,,,,,94109,1349000,,,,,,
474,Condo for sale,94109,Coldwell Banker Realty,2,2,1382,950000,,,,,94109,950000,,,,,,
476,Condo for sale,94109,Compass,1,1,805,849000,,,,,94109,849000,,,,,,
477,Condo for sale,94109,Redfin,2,2,989,1298000,,,,,94109,1298000,,,,,,
478,Under Contract,94109,Compass,2,2,1630,1190000,,,,,94109,1190000,,,,,,
479,Condo for sale,94109,Home Quest Realty,0,0,479,356509,,,,,94109,356509,,,,,,
480,Condo for sale,94109,Compass,0,1,0,649000,,,,,94109,649000,,,,,,
481,Condo for sale,94109,Vanguard Properties,1,1,700,828000,,,,,94109,828000,,,,,,
482,Condo for sale,94109,Compass SF,2,2,1500,1495000,,,,,94109,1495000,,,,,,
483,Condo for sale,94109,Sotheby's International Realty,1,1,629,599000,,,,,94109,599000,,,,,,
484,Condo for sale,94109,Sotheby's International Realty,2,2,1630,2195000,,,,,94109,2195000,,,,,,
486,House for sale,94109,Vanguard Properties,4,4,4500,6795000,,,,,94109,6795000,,,,,,
487,Condo for sale,94109,Compass SF,2,2,1110,1500000,,,,,94109,1500000,,,,,,
488,Condo for sale,94109,Compass SF,1,1,775,799000,,,,,94109,799000,,,,,,
491,Condo for sale,94109,Compass SF,2,2,1065,999000,,,,,94109,999000,,,,,,
492,Condo for sale,94109,Century 21 Realty Alliance,2,2,1402,2050000,,,,,94109,2050000,,,,,,
493,Condo for sale,94109,Luxmore Real Estate,2,2,816,799000,,,,,94109,799000,,,,,,
494,House for sale,94109,Corcoran Global Living,0,1,5235,599000,,,,,94109,599000,,,,,,
495,Condo for sale,94109,Vanguard Properties,1,2,834,875000,,,,,94109,875000,,,,,,
496,Condo for sale,94109,Sequoia Real Estate,4,1,2627,1649000,,,,,94109,1649000,,,,,,
497,Condo for sale,94109,GPK Luxury Real Estate,1,2,1450,1295000,,,,,94109,1295000,,,,,,
498,Condo for sale,94109,Vanguard Properties,2,2,1326,1699000,,,,,94109,1699000,,,,,,
499,Condo for sale,94109,Corcoran Global Living,2,1,998,1450000,,,,,94109,1450000,,,,,,
500,House for sale,94109,Compass,8,0,4940,2950000,,,,,94109,2950000,,,,,,
501,Condo for sale,94109,Compass,1,1,632,575000,,,,,94109,575000,,,,,,
502,Condo for sale,94109,Coldwell Banker Realty,3,2,1100,795000,,,,,94109,795000,,,,,,
503,Condo for sale,94109,Compass SF,1,1,624,699000,,,,,94109,699000,,,,,,
504,Condo for sale,94109,Compass,2,2,1248,1350000,,,,,94109,1350000,,,,,,
505,Condo for sale,94109,Coldwell Banker Realty,3,3,3456,6500000,,,,,94109,6500000,,,,,,
506,Condo for sale,94109,Home Quest Realty,1,1,532,399273,,,,,94109,399273,,,,,,
507,House for sale,94109,Compass,12,4,8895,4895000,,,,,94109,4895000,,,,,,
508,New construction,94109,Compass,3,3,2076,3750000,,,,,94109,3750000,,,,,,
509,Condo for sale,94109,Sotheby's International Realty,1,1,625,899000,,,,,94109,899000,,,,,,
510,House for sale,94114,Vanguard Properties,2,1,0,975000,,,,,94114,975000,,,,,,
511,House for sale,94114,Vanguard Properties,2,2,0,1650000,,,,,94114,1650000,,,,,,
513,House for sale,94114,Vanguard Properties,4,0,3160,2195000,,,,,94114,2195000,,,,,,
514,House for sale,94114,Compass,4,2,2112,1895000,,,,,94114,1895000,,,,,,
515,House for sale,94114,Compass,3,3,800,1000000,,,,,94114,1000000,,,,,,
516,Condo for sale,94114,Ascend Real Estate,3,2,1605,1799000,,,,,94114,1799000,,,,,,
517,Condo for sale,94114,Compass,2,2,0,1849000,,,,,94114,1849000,,,,,,
518,House for sale,94114,Compass,4,3,2353,2200000,,,,,94114,2200000,,,,,,
519,Condo for sale,94114,The Agency,2,2,1762,1497000,,,,,94114,1497000,,,,,,
520,House for sale,94114,Marcus & Millichap,4,0,2576,1650000,,,,,94114,1650000,,,,,,
521,House for sale,94114,Sotheby's International Realty,3,2,1687,1850000,,,,,94114,1850000,,,,,,
522,House for sale,94114,Compass,1,2,1036,1050000,,,,,94114,1050000,,,,,,
523,House for sale,94114,Vanguard Properties,4,4,3371,4395000,,,,,94114,4395000,,,,,,
524,Condo for sale,94114,Mosaik Real Estate,3,3,1859,2275000,,,,,94114,2275000,,,,,,
525,House for sale,94114,Redfin,2,2,1100,1375000,,,,,94114,1375000,,,,,,
526,Under Contract,94114,Redfin,1,2,1005,975000,,,,,94114,975000,,,,,,
527,House for sale,94114,Compass SF,5,5,3860,5500000,,,,,94114,5500000,,,,,,
528,Under Contract,94114,Vanguard Properties,4,3,2728,2750000,,,,,94114,2750000,,,,,,
530,Condo for sale,94114,Compass SF,3,1,1675,1595000,,,,,94114,1595000,,,,,,
531,House for sale,94114,Corcoran Global Living,2,1,0,888000,,,,,94114,888000,,,,,,
532,House for sale,94114,Compass,4,5,2893,3995000,,,,,94114,3995000,,,,,,
533,House for sale,94114,Redfin,2,2,0,1550000,,,,,94114,1550000,,,,,,
534,House for sale,94114,Compass,5,5,5400,2395000,,,,,94114,2395000,,,,,,
535,House for sale,94114,Compass,5,5,5400,2395000,,,,,94114,2395000,,,,,,
536,House for sale,94114,Compass,3,3,3003,4849000,,,,,94114,4849000,,,,,,
537,Condo for sale,94114,Hartford Properties,4,2,2128,1300000,,,,,94114,1300000,,,,,,
538,House for sale,94114,Vanguard Properties,5,1,2500,2800000,,,,,94114,2800000,,,,,,
539,Condo for sale,94114,Compass SF,2,2,1528,1298000,,,,,94114,1298000,,,,,,
540,Under Contract,94114,Corcoran Global Living,2,2,1682,1100000,,,,,94114,1100000,,,,,,
541,Under Contract,94114,Corcoran Global Living,1,1,866,825000,,,,,94114,825000,,,,,,
542,House for sale,94114,Coldwell Banker Realty,3,2,1458,1998000,,,,,94114,1998000,,,,,,
543,Under Contract,94114,Coldwell Banker Realty,2,1,1100,1195000,,,,,94114,1195000,,,,,,
544,House for sale,94114,Compass,2,2,1273,1825000,,,,,94114,1825000,,,,,,
545,House for sale,94114,Coldwell Banker Realty,3,3,0,2600000,,,,,94114,2600000,,,,,,
546,House for sale,94114,Vanguard Properties,3,1,1312,1249000,,,,,94114,1249000,,,,,,
547,Under Contract,94114,Sotheby's International Realty,2,1,1014,750000,,,,,94114,750000,,,,,,
548,House for sale,94114,Sotheby's International Realty,3,2,0,1995000,,,,,94114,1995000,,,,,,
549,Under Contract,94114,Sotheby's International Realty,5,6,4538,5495000,,,,,94114,5495000,,,,,,
550,New construction,94117,Vanguard Properties,1,1,0,1095000,,,,,94117,1095000,,,,,,
551,Condo for sale,94117,Vanguard Properties,3,3,0,2495000,,,,,94117,2495000,,,,,,
552,House for sale,94117,Vanguard Properties,5,6,3870,3795000,,,,,94117,3795000,,,,,,
553,Condo for sale,94117,Compass,3,1,1857,1695000,,,,,94117,1695000,,,,,,
554,House for sale,94117,Compass,3,2,1600,1449500,,,,,94117,1449500,,,,,,
555,Condo for sale,94117,Compass,3,2,0,1495000,,,,,94117,1495000,,,,,,
556,House for sale,94117,Compass,13,4,5280,2795000,,,,,94117,2795000,,,,,,
557,House for sale,94117,Compass,6,0,4754,2399000,,,,,94117,2399000,,,,,,
558,Condo for sale,94117,Compass SF,3,2,922,1195000,,,,,94117,1195000,,,,,,
559,House for sale,94117,Compass,12,0,15140,7199000,,,,,94117,7199000,,,,,,
560,Condo for sale,94117,Corcoran Global Living,3,2,2003,1849000,,,,,94117,1849000,,,,,,
561,House for sale,94117,Coldwell Banker Realty,3,3,2400,2795000,,,,,94117,2795000,,,,,,
562,House for sale,94117,Keller Williams San Francisco,11,13,5889,3795000,,,,,94117,3795000,,,,,,
563,Condo for sale,94117,Avenue 8 Inc.,1,1,0,899900,,,,,94117,899900,,,,,,
564,Condo for sale,94117,Compass,1,1,829,1095000,,,,,94117,1095000,,,,,,
565,Condo for sale,94117,Pacific Edge,1,1,1204,995000,,,,,94117,995000,,,,,,
566,House for sale,94117,Compass SF,6,2,1556,1595000,,,,,94117,1595000,,,,,,
567,Under Contract,94117,Polaris Realty,2,1,1076,1249000,,,,,94117,1249000,,,,,,
568,Condo for sale,94117,Redfin,2,1,1258,1250000,,,,,94117,1250000,,,,,,
569,Under Contract,94117,Berkshire Hathaway-Franciscan,5,4,2900,2399000,,,,,94117,2399000,,,,,,
570,Lot / Land for sale,94117,Vanguard Properties,0,0,0,3495000,,,,,94117,3495000,,,,,,
571,House for sale,94117,"Jeremy Lee, Broker",9,3,5655,2990000,,,,,94117,2990000,,,,,,
572,Under Contract,94117,Urban Group Real Estate,10,1,4320,2295000,,,,,94117,2295000,,,,,,
573,Under Contract,94117,Sotheby's International Realty,1,1,705,799000,,,,,94117,799000,,,,,,
574,House for sale,94117,"Bill Harkins Brokerage, Inc.",4,3,3000,3675000,,,,,94117,3675000,,,,,,
575,House for sale,94117,Elevation Real Estate,5,2,2874,1995000,,,,,94117,1995000,,,,,,
576,House for sale,94117,Elevation Real Estate,3,2,1804,1595000,,,,,94117,1595000,,,,,,
577,House for sale,94117,Marcus & Millichap,23,0,16830,6300000,,,,,94117,6300000,,,,,,
578,Condo for sale,94117,Pacific Edge,3,2,1823,1645000,,,,,94117,1645000,,,,,,
579,House for sale,94117,"Lucas Clot, Broker",4,3,2378,2650000,,,,,94117,2650000,,,,,,
580,Condo for sale,94117,BarbCo,3,4,2000,2000000,,,,,94117,2000000,,,,,,
581,Condo for sale,94117,Compass,2,1,1319,1390000,,,,,94117,1390000,,,,,,
582,House for sale,94117,Sotheby's International Realty,6,3,4315,2898000,,,,,94117,2898000,,,,,,
583,Under Contract,94117,Berkshire Hathaway-Franciscan,2,2,1193,1050000,,,,,94117,1050000,,,,,,
584,Condo for sale,94117,Compass,1,1,590,749000,,,,,94117,749000,,,,,,
585,Condo for sale,94117,"Danita Kulp, Broker",2,1,790,859000,,,,,94117,859000,,,,,,
586,House for sale,94117,Redfin,4,3,1706,1450000,,,,,94117,1450000,,,,,,
587,House for sale,94117,Elevation Real Estate,8,5,4678,3650000,,,,,94117,3650000,,,,,,
588,House for sale,94117,Marcus & Millichap,9,0,5175,2675000,,,,,94117,2675000,,,,,,
589,Under Contract,94117,"West & Praszker, REALTORSÂ®",2,4,2750,1800000,,,,,94117,1800000,,,,,,
591,House for sale,94116,Coldwell Banker Realty,2,1,1400,1195000,,,,,94116,1195000,,,,,,
592,House for sale,94116,Sotheby's International Realty,4,4,2067,1798000,,,,,94116,1798000,,,,,,
593,House for sale,94116,Corcoran Global Living,3,2,2133,1595000,,,,,94116,1595000,,,,,,
594,House for sale,94116,Compass,2,1,1075,1195000,,,,,94116,1195000,,,,,,
595,House for sale,94116,Mosaik Real Estate,2,1,800,999000,,,,,94116,999000,,,,,,
596,House for sale,94116,Century 21 Realty Alliance,4,5,2747,2195000,,,,,94116,2195000,,,,,,
597,House for sale,94116,BarbCo,3,2,1214,1095000,,,,,94116,1095000,,,,,,
598,House for sale,94116,Anchor Realty,3,2,1755,1595000,,,,,94116,1595000,,,,,,
599,House for sale,94116,MaxReal,3,2,1214,1095000,,,,,94116,1095000,,,,,,
600,House for sale,94116,Compass SF,3,2,1758,1498000,,,,,94116,1498000,,,,,,
601,House for sale,94116,BarbCo,5,3,1912,1195000,,,,,94116,1195000,,,,,,
602,Under Contract,94116,The Point Realty,3,2,943,1350000,,,,,94116,1350000,,,,,,
603,House for sale,94116,Elevation Real Estate,4,2,3100,1800000,,,,,94116,1800000,,,,,,
604,House for sale,94116,Coldwell Banker Realty,4,2,1819,1095000,,,,,94116,1095000,,,,,,
605,House for sale,94116,Intero Real Estate Services,4,0,2356,1400000,,,,,94116,1400000,,,,,,
606,House for sale,94116,Asia Pacific Groups,3,2,1300,1180000,,,,,94116,1180000,,,,,,
607,New construction,94116,Sotheby's International Realty,3,3,2214,1698000,,,,,94116,1698000,,,,,,
608,Under Contract,94116,Sotheby's International Realty,3,3,2214,1489000,,,,,94116,1489000,,,,,,
609,Multi-family home for sale,94116,Compass,6,5,2790,2050000,,,,,94116,2050000,,,,,,
610,Multi-family home for sale,94116,"Prime Metropolis Prop., Inc.",4,2,2444,1500000,,,,,94116,1500000,,,,,,
611,House for sale,94116,BarbCo,5,3,2200,2250000,,,,,94116,2250000,,,,,,
612,Lot / Land for sale,94116,Corcoran Global Living,0,0,0,980000,,,,,94116,980000,,,,,,
613,House for sale,94121,"Rogers & Associates, Inc.",3,3,2597,1899000,,,,,94121,1899000,,,,,,
614,Townhouse for sale,94121,Kindred SF Homes,3,2,1297,1395000,,,,,94121,1395000,,,,,,
615,House for sale,94121,Sequoia Real Estate,3,2,0,1349000,,,,,94121,1349000,,,,,,
616,House for sale,94121,First National Realty,6,5,2900,2180000,,,,,94121,2180000,,,,,,
617,House for sale,94121,Compass,4,4,3098,1425000,,,,,94121,1425000,,,,,,
618,Condo for sale,94121,Coldwell Banker Realty,3,3,1835,1200000,,,,,94121,1200000,,,,,,
619,House for sale,94121,Corcoran Global Living,3,2,1800,1720000,,,,,94121,1720000,,,,,,
621,House for sale,94121,"Xu, Lei",7,5,3029,2100000,,,,,94121,2100000,,,,,,
623,Under Contract,94121,Compass,3,2,1950,1498000,,,,,94121,1498000,,,,,,
624,Under Contract,94121,Coldwell Banker Realty,2,2,2775,1495000,,,,,94121,1495000,,,,,,
625,House for sale,94121,Polaris Realty,11,5,4045,4144000,,,,,94121,4144000,,,,,,
626,House for sale,94121,Polaris Realty,4,3,2269,2295000,,,,,94121,2295000,,,,,,
627,Under Contract,94121,Compass,1,1,590,699000,,,,,94121,699000,,,,,,
628,House for sale,94121,Prime Meridian Realty & Mtg.,1,1,0,1125000,,,,,94121,1125000,,,,,,
629,House for sale,94121,Prime Meridian Realty & Mtg.,3,3,3242,2950000,,,,,94121,2950000,,,,,,
630,House for sale,94121,Prime Meridian Realty & Mtg.,3,3,0,2950000,,,,,94121,2950000,,,,,,
631,House for sale,94121,Coldwell Banker Realty,4,6,0,2980000,,,,,94121,2980000,,,,,,
632,House for sale,94121,Vanguard Properties,5,8,4485,3595000,,,,,94121,3595000,,,,,,
633,House for sale,94121,Compass SF,6,4,4861,4850000,,,,,94121,4850000,,,,,,
634,House for sale,94121,Compass,6,7,7170,17500000,,,,,94121,17500000,,,,,,
635,House for sale,94121,"Patricia Aguaristi, Broker",4,4,3420,7999000,,,,,94121,7999000,,,,,,
636,Under Contract,94121,Sotheby's International Realty,2,1,1555,1195000,,,,,94121,1195000,,,,,,
637,Under Contract,94121,Sotheby's International Realty,3,2,1840,1395000,,,,,94121,1395000,,,,,,
638,Under Contract,94121,Compass,4,2,3340,1395000,,,,,94121,1395000,,,,,,
639,House for sale,94121,Bayview Real Estate & Mortgage,7,0,6045,3498000,,,,,94121,3498000,,,,,,
640,Under Contract,94121,Madison Hunter,5,3,2900,1995000,,,,,94121,1995000,,,,,,
641,House for sale,94121,Coldwell Banker Realty,4,4,0,2980000,,,,,94121,2980000,,,,,,
642,Multi-family home for sale,94121,Coldwell Banker Realty,4,3,2410,1425000,,,,,94121,1425000,,,,,,
643,House for sale,94121,Colliers International,12,0,9240,4600000,,,,,94121,4600000,,,,,,
644,Under Contract,94121,Sotheby's International Realty,5,5,3395,2590000,,,,,94121,2590000,,,,,,
647,Foreclosure,94121,Luxe Places International Real,8,0,10825,3960000,,,,,94121,3960000,,,,,,
649,Under Contract,94123,Compass,4,4,3774,3750000,,,,,94123,3750000,,,,,,
650,Condo for sale,94123,Sotheby's International Realty,3,2,0,2250000,,,,,94123,2250000,,,,,,
651,House for sale,94123,Compass,5,5,4175,7250000,,,,,94123,7250000,,,,,,
653,House for sale,94123,Trident Real Estate,12,0,9450,7600000,,,,,94123,7600000,,,,,,
654,Under Contract,94123,City Real Estate,2,2,1128,1250000,,,,,94123,1250000,,,,,,
655,House for sale,94123,Compass,3,3,2442,2295000,,,,,94123,2295000,,,,,,
656,Under Contract,94123,Golden Gate Sotheby's Intl,1,1,670,849000,,,,,94123,849000,,,,,,
658,Condo for sale,94123,Compass,3,3,2100,2497000,,,,,94123,2497000,,,,,,
660,New construction,94123,JS Sullivan Sales and Marketin,3,3,2073,3125000,,,,,94123,3125000,,,,,,
661,House for sale,94123,Corcoran Global Living,1,1,806,825000,,,,,94123,825000,,,,,,
662,Condo for sale,94123,Compass SF,0,1,0,799000,,,,,94123,799000,,,,,,
663,House for sale,94123,Sotheby's International Realty,3,3,2260,2598000,,,,,94123,2598000,,,,,,
664,New construction,94123,Compass,6,6,7195,14500000,,,,,94123,14500000,,,,,,
665,House for sale,94123,Sotheby's International Realty,10,7,5890,5500000,,,,,94123,5500000,,,,,,
666,Condo for sale,94123,Sotheby's International Realty,3,3,1717,1995000,,,,,94123,1995000,,,,,,
670,New construction,94123,JS Sullivan Sales and Marketin,1,1,697,998000,,,,,94123,998000,,,,,,
671,Condo for sale,94123,Corcoran Global Living,3,4,2529,3150000,,,,,94123,3150000,,,,,,
672,House for sale,94123,Compass,5,6,4206,6500000,,,,,94123,6500000,,,,,,
673,House for sale,94123,Colliers International,6,0,6324,4000000,,,,,94123,4000000,,,,,,
674,House for sale,94123,Compass,5,5,3274,3700000,,,,,94123,3700000,,,,,,
675,House for sale,94123,Compass,4,4,5142,13999000,,,,,94123,13999000,,,,,,
676,House for sale,94123,Mark Vasquez,2,2,1320,1395000,,,,,94123,1395000,,,,,,
677,House for sale,94123,Mark Vasquez,5,0,3276,3795000,,,,,94123,3795000,,,,,,
678,New construction,94123,Vanguard Properties,2,2,1044,1695000,,,,,94123,1695000,,,,,,
679,Under Contract,94123,Sotheby's International Realty,5,0,3107,2495000,,,,,94123,2495000,,,,,,
680,House for sale,94123,Sotheby's International Realty,5,0,4188,3600000,,,,,94123,3600000,,,,,,
681,House for sale,94123,Compass,3,4,3111,4500000,,,,,94123,4500000,,,,,,
682,Condo for sale,94123,Coldwell Banker Realty,2,2,1595,1795000,,,,,94123,1795000,,,,,,
683,House for sale,94123,Kinoko,3,1,3037,2645000,,,,,94123,2645000,,,,,,
684,Condo for sale,94123,Compass,2,2,0,1595000,,,,,94123,1595000,,,,,,
685,New construction,94123,Vanguard Properties,1,1,721,1049000,,,,,94123,1049000,,,,,,
686,New construction,94123,Vanguard Properties,2,2,1200,1649000,,,,,94123,1649000,,,,,,
687,Under Contract,94123,Sotheby's International Realty,2,2,1434,1649000,,,,,94123,1649000,,,,,,
688,House for sale,94122,Compass,3,2,1300,1295000,,,,,94122,1295000,,,,,,
689,House for sale,94122,Pacific Edge,3,3,1900,1595000,,,,,94122,1595000,,,,,,
690,House for sale,94122,Compass SF,1,1,700,699000,,,,,94122,699000,,,,,,
691,House for sale,94122,Vanguard Properties,2,1,0,795000,,,,,94122,795000,,,,,,
692,House for sale,94122,Alex Varum Broker,7,6,3257,2595000,,,,,94122,2595000,,,,,,
693,House for sale,94122,Compass,4,2,1990,1650000,,,,,94122,1650000,,,,,,
694,House for sale,94122,Compass,4,4,2580,1998000,,,,,94122,1998000,,,,,,
695,House for sale,94122,Mosaik Real Estate,3,2,1568,998000,,,,,94122,998000,,,,,,
696,New construction,94122,Douglas & Co. R.E.,2,1,1300,1799000,,,,,94122,1799000,,,,,,
697,House for sale,94122,Coldwell Banker Realty,3,3,1908,1475000,,,,,94122,1475000,,,,,,
698,House for sale,94122,Compass SF,3,2,1543,1200000,,,,,94122,1200000,,,,,,
699,House for sale,94122,Compass SF,3,2,0,1550000,,,,,94122,1550000,,,,,,
700,Under Contract,94122,Corcoran Global Living,6,3,2723,1424000,,,,,94122,1424000,,,,,,
701,House for sale,94122,Real Estate Advisor Group,7,5,3915,1999999,,,,,94122,1999999,,,,,,
702,House for sale,94122,Real Estate Advisor Group,7,5,3915,1999999,,,,,94122,1999999,,,,,,
704,Multi-family home for sale,94122,Realty World - SF Bay Group,1,0,1850,1488888,,,,,94122,1488888,,,,,,
705,House for sale,94122,Sotheby's International Realty,2,2,1890,1295000,,,,,94122,1295000,,,,,,
706,Under Contract,94122,Compass,1,1,609,795000,,,,,94122,795000,,,,,,
707,House for sale,94122,Harper Real Estate,6,0,2300,1998000,,,,,94122,1998000,,,,,,
708,Multi-family home for sale,94122,Century 21 Realty Alliance,6,2,2250,1538000,,,,,94122,1538000,,,,,,
709,Multi-family home for sale,94122,Golden Star Realty,10,6,3590,2610000,,,,,94122,2610000,,,,,,
710,House for sale,94122,Trust Real Estate,6,3,2902,1599000,,,,,94122,1599000,,,,,,
713,Lot / Land for sale,94122,Aethos Real Estate,0,0,0,1890000,,,,,94122,1890000,,,,,,
715,House for sale,94124,Compass SF,4,0,1555,959000,,,,,94124,959000,,,,,,
716,New construction,94124,Vanguard Properties,2,1,1120,799000,,,,,94124,799000,,,,,,
722,House for sale,94124,Compass,5,5,3206,1395000,,,,,94124,1395000,,,,,,
729,Under Contract,94124,Century 21 Realty Alliance,2,1,841,849000,,,,,94124,849000,,,,,,
731,Lot / Land for sale,94124,Vanguard Properties,0,0,0,699000,,,,,94124,699000,,,,,,
732,Under Contract,94124,Legacy Real Estate,2,2,0,998000,,,,,94124,998000,,,,,,
735,House for sale,94124,"Trinity Realty, Inc.",2,2,973,798888,,,,,94124,798888,,,,,,
738,House for sale,94124,"JSL Realty, Inc.",2,2,1200,799900,,,,,94124,799900,,,,,,
741,House for sale,94124,Berri Real Estate,4,6,2908,1300000,,,,,94124,1300000,,,,,,
742,Condo for sale,94124,Corcoran Global Living,1,1,0,240000,,,,,94124,240000,,,,,,
743,Condo for sale,94124,Leading Properties,1,1,546,350000,,,,,94124,350000,,,,,,
745,Condo for sale,94124,Corcoran Global Living,3,3,1821,929000,,,,,94124,929000,,,,,,
746,Condo for sale,94124,Sotheby's International Realty,3,2,1283,899000,,,,,94124,899000,,,,,,
747,Under Contract,94124,Legacy Real Estate,3,2,1268,998000,,,,,94124,998000,,,,,,
748,House for sale,94124,BHHS California Realty,3,3,1580,1099000,,,,,94124,1099000,,,,,,
749,Under Contract,94124,Corcoran Global Living,2,1,750,688000,,,,,94124,688000,,,,,,
750,House for sale,94124,Elevation Real Estate,2,1,1100,541250,,,,,94124,541250,,,,,,
751,Condo for sale,94124,Century 21 Baldini Realty,3,2,1567,915000,,,,,94124,915000,,,,,,
752,Condo for sale,94124,Coldwell Banker Realty,2,2,1594,799999,,,,,94124,799999,,,,,,
753,Condo for sale,94124,Engel & Voelkers San Francisco,2,2,1115,798000,,,,,94124,798000,,,,,,
754,Condo for sale,94115,Coldwell Banker Realty,4,5,4004,4698000,,,,,94115,4698000,,,,,,
755,Condo for sale,94103,San Francisco Marketing,2,2,1565,1195000,,,,,94103,1195000,,,,,,
757,New construction,94115,"Helena Geng, Broker",3,4,2888,5800000,,,,,94115,5800000,,,,,,
758,House for sale,94114,Vanguard Properties,2,1,0,975000,,,,,94114,975000,,,,,,
759,House for sale,94114,Vanguard Properties,2,2,0,1650000,,,,,94114,1650000,,,,,,
760,Condo for sale,94111,Compass SF,1,1,1006,960000,,,,,94111,960000,,,,,,
761,Condo for sale,94133,Compass,1,1,700,789000,,,,,94133,789000,,,,,,
762,Condo for sale,94103,Vanguard Properties,1,1,541,595000,,,,,94103,595000,,,,,,
763,Condo for sale,94109,Present Financial Properties,1,1,653,649000,,,,,94109,649000,,,,,,
765,New construction,94103,Keller Williams San Francisco,2,2,955,700000,,,,,94103,700000,,,,,,
766,Condo for sale,94105,Bay Real Estate Group,2,2,1259,1649000,,,,,94105,1649000,,,,,,
767,Condo for sale,94105,Bay Real Estate Group,2,2,1491,2599000,,,,,94105,2599000,,,,,,
768,Under Contract,94109,North Point Real Estate,2,1,852,1400000,,,,,94109,1400000,,,,,,
769,Condo for sale,94109,T. Okamoto & Co.,1,1,616,599000,,,,,94109,599000,,,,,,
772,House for sale,94115,Compass,3,2,1032,699000,,,,,94115,699000,,,,,,
774,Condo for sale,94109,Compass,3,2,1258,1349000,,,,,94109,1349000,,,,,,
775,Condo for sale,94111,San Francisco R.E. Svcs.,2,2,1532,1450000,,,,,94111,1450000,,,,,,
776,House for sale,94114,Compass,4,2,2112,1895000,,,,,94114,1895000,,,,,,
777,Condo for sale,94158,Vanguard Properties,2,2,1569,2698888,,,,,94158,2698888,,,,,,
778,Condo for sale,94111,Compass,1,1,1030,949000,,,,,94111,949000,,,,,,
779,Condo for sale,94105,Compass,1,1,694,749000,,,,,94105,749000,,,,,,
780,Condo for sale,94107,Vanguard Properties,3,3,1642,1245000,,,,,94107,1245000,,,,,,
781,New construction,94103,Vanguard Properties,2,2,844,949000,,,,,94103,949000,,,,,,
782,Condo for sale,94107,Compass,3,1,1297,1050000,,,,,94107,1050000,,,,,,
783,Condo for sale,94109,Coldwell Banker Realty,2,2,1382,950000,,,,,94109,950000,,,,,,
785,Condo for sale,94105,Compass,2,2,1268,2200000,,,,,94105,2200000,,,,,,
786,Condo for sale,94114,Ascend Real Estate,3,2,1605,1799000,,,,,94114,1799000,,,,,,
787,Condo for sale,94107,Inspire Real Estate,2,2,1763,1450000,,,,,94107,1450000,,,,,,
788,Condo for sale,94110,Compass,1,2,1003,1099000,,,,,94110,1099000,,,,,,
789,Condo for sale,94105,Compass,2,2,995,1150000,,,,,94105,1150000,,,,,,
791,Condo for sale,94104,Marker Real Estate,3,3,2485,2995000,,,,,94104,2995000,,,,,,
792,Condo for sale,94103,Compass,2,1,1547,1349000,,,,,94103,1349000,,,,,,
793,Condo for sale,94107,Coldwell Banker Realty,1,2,860,875000,,,,,94107,875000,,,,,,
794,House for sale,94127,RE/MAX Gold Daly City,3,2,1112,1299000,,,,,94127,1299000,,,,,,
795,House for sale,94127,Rise Homes,2,1,1010,1098000,,,,,94127,1098000,,,,,,
796,House for sale,94127,Berkshire Hathaway-Franciscan,4,3,3050,2495000,,,,,94127,2495000,,,,,,
797,House for sale,94127,Vanguard Properties,3,2,0,1295000,,,,,94127,1295000,,,,,,
798,Under Contract,94127,Compass,5,5,3115,2800000,,,,,94127,2800000,,,,,,
799,House for sale,94127,Compass,3,3,1612,1199000,,,,,94127,1199000,,,,,,
800,House for sale,94131,BarbCo,3,2,1342,1295000,,,,,94131,1295000,,,,,,
801,House for sale,94131,Sotheby's International Realty,4,2,2000,1695000,,,,,94131,1695000,,,,,,
802,House for sale,94131,Kindred SF Homes,3,2,1589,1895000,,,,,94131,1895000,,,,,,
803,Condo for sale,94131,Compass SF,1,1,886,650000,,,,,94131,650000,,,,,,
804,Condo for sale,94131,Corcoran Global Living,2,2,0,1395000,,,,,94131,1395000,,,,,,
805,Condo for sale,94131,Keller Williams San Francisco,3,2,1639,1788000,,,,,94131,1788000,,,,,,
806,House for sale,94131,Compass SF,5,6,4200,3495000,,,,,94131,3495000,,,,,,
807,House for sale,94131,Sotheby's International Realty,3,3,2805,3495000,,,,,94131,3495000,,,,,,
808,House for sale,94131,Compass,2,1,835,949000,,,,,94131,949000,,,,,,
809,House for sale,94131,Compass SF,2,1,0,1499000,,,,,94131,1499000,,,,,,
810,Condo for sale,94131,Compass,4,3,1635,1350000,,,,,94131,1350000,,,,,,
811,House for sale,94131,Engel & Voelkers San Francisco,3,2,1249,1175000,,,,,94131,1175000,,,,,,
812,Condo for sale,94131,Compass,2,1,1020,949000,,,,,94131,949000,,,,,,
815,House for sale,94131,Coldwell Banker Realty,4,2,2215,2375000,,,,,94131,2375000,,,,,,
816,Under Contract,94131,Park North Real Estate,1,1,830,700000,,,,,94131,700000,,,,,,
817,House for sale,94131,Corcoran Global Living,5,6,0,4695000,,,,,94131,4695000,,,,,,
818,Condo for sale,94131,Vanguard Properties,2,2,1143,1249000,,,,,94131,1249000,,,,,,
819,House for sale,94131,Compass,3,3,2120,2495000,,,,,94131,2495000,,,,,,
820,House for sale,94131,Compass,3,3,0,2099000,,,,,94131,2099000,,,,,,
821,House for sale,94131,Coldwell Banker Commercial Rea,12,0,7060,3550000,,,,,94131,3550000,,,,,,
822,Condo for sale,94131,Sequoia Real Estate,3,2,2138,1475000,,,,,94131,1475000,,,,,,
823,Under Contract,94131,Corcoran Global Living,3,2,1500,1625000,,,,,94131,1625000,,,,,,
824,Under Contract,94131,Pinnacle Properties,3,2,1345,1299000,,,,,94131,1299000,,,,,,
825,House for sale,94131,Vanguard Properties,3,2,1204,1150000,,,,,94131,1150000,,,,,,
826,House for sale,94131,Corcoran Global Living,4,2,2104,2100000,,,,,94131,2100000,,,,,,
827,Condo for sale,94131,Vanguard Properties,3,2,1482,1375000,,,,,94131,1375000,,,,,,
828,Under Contract,94131,Berkshire Hathaway Drysdale Pr,0,1,474,435000,,,,,94131,435000,,,,,,
829,House for sale,94131,Keller Williams Temecula Valle,16,0,9544,6995000,,,,,94131,6995000,,,,,,
830,New construction,94131,Compass,5,5,3637,5300000,,,,,94131,5300000,,,,,,
831,Under Contract,94131,Vanguard Properties,1,1,830,725000,,,,,94131,725000,,,,,,
832,House for sale,94131,Coldwell Banker Realty,4,3,1740,1388000,,,,,94131,1388000,,,,,,
833,House for sale,94131,Century 21 Realty Alliance,3,2,0,1488000,,,,,94131,1488000,,,,,,
834,House for sale,94131,Compass,4,6,6230,12000000,,,,,94131,12000000,,,,,,
838,Condo for sale,94133,Compass,1,1,700,789000,,,,,94133,789000,,,,,,
839,Condo for sale,94133,Compass,1,1,986,1500000,,,,,94133,1500000,,,,,,
840,Condo for sale,94133,"Hatch Realty Group, Inc.",2,2,1313,1400000,,,,,94133,1400000,,,,,,
841,House for sale,94133,Madison Hunter,84,2,2952,1699000,,,,,94133,1699000,,,,,,
842,House for sale,94133,Compass,2,1,0,1249000,,,,,94133,1249000,,,,,,
843,Condo for sale,94133,Sotheby's International Realty,2,3,3640,7995000,,,,,94133,7995000,,,,,,
844,Condo for sale,94133,Vanguard Properties,3,3,2165,2495000,,,,,94133,2495000,,,,,,
845,House for sale,94133,Compass,4,3,3182,3995000,,,,,94133,3995000,,,,,,
846,Multi-family home for sale,94133,Compass Commercial,3,0,4400,2375000,,,,,94133,2375000,,,,,,
847,Multi-family home for sale,94133,Compass Commercial,2,0,10875,3995000,,,,,94133,3995000,,,,,,
848,Multi-family home for sale,94133,Compass Commercial,0,0,15039,4500000,,,,,94133,4500000,,,,,,
849,House for sale,94133,Compass,6,0,2400,1649000,,,,,94133,1649000,,,,,,
850,House for sale,94133,Compass,10,7,5775,6385000,,,,,94133,6385000,,,,,,
851,House for sale,94133,Compass,3,2,1970,2395000,,,,,94133,2395000,,,,,,
852,House for sale,94133,Compass,3,2,1715,1695000,,,,,94133,1695000,,,,,,
853,House for sale,94133,Compass,4,3,2090,2195000,,,,,94133,2195000,,,,,,
854,House for sale,94133,Compass,3,3,2179,1999000,,,,,94133,1999000,,,,,,
857,House for sale,94133,Compass,3,2,0,1695000,,,,,94133,1695000,,,,,,
858,House for sale,94133,Compass,1,2,1484,2430000,,,,,94133,2430000,,,,,,
859,Condo for sale,94133,Compass SF,2,2,1660,1950000,,,,,94133,1950000,,,,,,
860,Townhouse for sale,94133,Coldwell Banker Realty,3,3,0,10000000,,,,,94133,10000000,,,,,,
861,New construction,94133,Casa Blanca Real Estate,3,2,1772,2575000,,,,,94133,2575000,,,,,,
862,New construction,94133,Casa Blanca Real Estate,1,1,839,1225000,,,,,94133,1225000,,,,,,
863,Condo for sale,94133,Vanguard Properties,2,3,1550,1895000,,,,,94133,1895000,,,,,,
864,House for sale,94133,Sotheby's International Realty,1,1,0,1400000,,,,,94133,1400000,,,,,,
865,House for sale,94133,Compass Commercial,6,0,3440,1600000,,,,,94133,1600000,,,,,,
866,House for sale,94133,Corcoran Global Living,7,4,4215,3295000,,,,,94133,3295000,,,,,,
867,House for sale,94133,Compass,0,0,3713,4995000,,,,,94133,4995000,,,,,,
868,House for sale,94133,Trident Real Estate,6,2,3240,2500000,,,,,94133,2500000,,,,,,
869,Multi-family home for sale,94133,Starboard Commercial Brokerage,12,0,5298,3880000,,,,,94133,3880000,,,,,,
870,Multi-family home for sale,94133,Century 21 Baldini Realty,7,0,3164,2198000,,,,,94133,2198000,,,,,,
871,House for sale,94133,Sotheby's International Realty,6,5,2794,3850000,,,,,94133,3850000,,,,,,
872,House for sale,94133,Braun International,5,0,2429,1680000,,,,,94133,1680000,,,,,,
873,Condo for sale,94133,Sotheby's International Realty,2,1,1033,1600000,,,,,94133,1600000,,,,,,
874,House for sale,94133,Polaris Realty,3,3,2363,2795000,,,,,94133,2795000,,,,,,
875,House for sale,94133,Keller Williams San Francisco,3,3,0,1995000,,,,,94133,1995000,,,,,,
877,Lot / Land for sale,94133,Keller Williams San Francisco,0,0,0,250000,,,,,94133,250000,,,,,,
879,House for sale,94132,LUX Realty Group,4,3,1749,1588000,,,,,94132,1588000,,,,,,
880,House for sale,94132,Compass,2,1,1100,998000,,,,,94132,998000,,,,,,
881,Condo for sale,94132,BarbCo,3,3,1839,1375000,,,,,94132,1375000,,,,,,
882,Under Contract,94132,Coldwell Banker Realty,3,2,2223,1680000,,,,,94132,1680000,,,,,,
884,Townhouse for sale,94132,"Andersen, Jung & Co.",3,2,1547,990000,,,,,94132,990000,,,,,,
885,Under Contract,94132,Compass,2,2,1384,848000,,,,,94132,848000,,,,,,
886,Condo for sale,94132,Compass,3,2,2133,1469000,,,,,94132,1469000,,,,,,
887,Multi-family home for sale,94132,La Flue-Walton & Associates,4,3,1828,1439000,,,,,94132,1439000,,,,,,
888,Under Contract,94132,Compass,2,3,1260,1425000,,,,,94132,1425000,,,,,,
891,Condo for sale,94115,Coldwell Banker Realty,4,5,4004,4698000,,,,,94115,4698000,,,,,,
892,New construction,94117,Vanguard Properties,1,1,0,1095000,,,,,94117,1095000,,,,,,
893,Condo for sale,94117,Vanguard Properties,3,3,0,2495000,,,,,94117,2495000,,,,,,
894,Condo for sale,94115,Sotheby's International Realty,3,3,1891,1849000,,,,,94115,1849000,,,,,,
895,Condo for sale,94115,Sotheby's International Realty,4,2,2321,2149000,,,,,94115,2149000,,,,,,
896,Condo for sale,94103,San Francisco Marketing,2,2,1565,1195000,,,,,94103,1195000,,,,,,
898,Condo for sale,94115,Compass,3,3,1881,2295000,,,,,94115,2295000,,,,,,
899,New construction,94115,"Helena Geng, Broker",3,4,2888,5800000,,,,,94115,5800000,,,,,,
900,House for sale,94114,Vanguard Properties,2,1,0,975000,,,,,94114,975000,,,,,,
901,Condo for sale,94111,Compass SF,1,1,1006,960000,,,,,94111,960000,,,,,,
902,House for sale,94114,Vanguard Properties,2,2,0,1650000,,,,,94114,1650000,,,,,,
903,Condo for sale,94133,Compass,1,1,700,789000,,,,,94133,789000,,,,,,
904,Condo for sale,94103,Vanguard Properties,1,1,541,595000,,,,,94103,595000,,,,,,
905,Condo for sale,94109,Present Financial Properties,1,1,653,649000,,,,,94109,649000,,,,,,
906,Condo for sale,94118,Corcoran Global Living,3,3,0,1950000,,,,,94118,1950000,,,,,,
908,New construction,94103,Keller Williams San Francisco,2,2,955,700000,,,,,94103,700000,,,,,,
909,Condo for sale,94105,Bay Real Estate Group,2,2,1259,1649000,,,,,94105,1649000,,,,,,
910,Under Contract,94109,North Point Real Estate,2,1,852,1400000,,,,,94109,1400000,,,,,,
911,Condo for sale,94105,Bay Real Estate Group,2,2,1491,2599000,,,,,94105,2599000,,,,,,
912,Condo for sale,94109,T. Okamoto & Co.,1,1,616,599000,,,,,94109,599000,,,,,,
914,House for sale,94114,Vanguard Properties,4,0,3160,2195000,,,,,94114,2195000,,,,,,
916,House for sale,94115,Compass,3,2,1032,699000,,,,,94115,699000,,,,,,
917,Condo for sale,94110,Compass,2,1,842,759000,,,,,94110,759000,,,,,,
918,House for sale,94131,BarbCo,3,2,1342,1295000,,,,,94131,1295000,,,,,,
920,Condo for sale,94109,Compass,3,2,1258,1349000,,,,,94109,1349000,,,,,,
921,Condo for sale,94111,San Francisco R.E. Svcs.,2,2,1532,1450000,,,,,94111,1450000,,,,,,
922,House for sale,94114,Compass,4,2,2112,1895000,,,,,94114,1895000,,,,,,
923,House for sale,94117,Vanguard Properties,5,6,3870,3795000,,,,,94117,3795000,,,,,,
924,House for sale,94114,Compass,3,3,800,1000000,,,,,94114,1000000,,,,,,
926,Under Contract,94123,Compass,4,4,3774,3750000,,,,,94123,3750000,,,,,,
927,Condo for sale,94111,Compass,1,1,1030,949000,,,,,94111,949000,,,,,,
928,Condo for sale,94158,Vanguard Properties,2,2,1569,2698888,,,,,94158,2698888,,,,,,
929,Condo for sale,94105,Compass,1,1,694,749000,,,,,94105,749000,,,,,,
930,House for sale,94110,Vanguard Properties,3,2,1475,1295000,,,,,94110,1295000,,,,,,
931,Condo for sale,94115,Coldwell Banker Realty,4,5,4004,4698000,,,,,94115,4698000,,,,,,
932,New construction,94117,Vanguard Properties,1,1,0,1095000,,,,,94117,1095000,,,,,,
933,Condo for sale,94117,Vanguard Properties,3,3,0,2495000,,,,,94117,2495000,,,,,,
934,Condo for sale,94115,Sotheby's International Realty,3,3,1891,1849000,,,,,94115,1849000,,,,,,
935,Condo for sale,94115,Sotheby's International Realty,4,2,2321,2149000,,,,,94115,2149000,,,,,,
936,Condo for sale,94103,San Francisco Marketing,2,2,1565,1195000,,,,,94103,1195000,,,,,,
938,Condo for sale,94115,Compass,3,3,1881,2295000,,,,,94115,2295000,,,,,,
939,New construction,94115,"Helena Geng, Broker",3,4,2888,5800000,,,,,94115,5800000,,,,,,
940,House for sale,94114,Vanguard Properties,2,1,0,975000,,,,,94114,975000,,,,,,
941,House for sale,94114,Vanguard Properties,2,2,0,1650000,,,,,94114,1650000,,,,,,
942,Condo for sale,94111,Compass SF,1,1,1006,960000,,,,,94111,960000,,,,,,
943,Condo for sale,94133,Compass,1,1,700,789000,,,,,94133,789000,,,,,,
944,Condo for sale,94103,Vanguard Properties,1,1,541,595000,,,,,94103,595000,,,,,,
945,Condo for sale,94109,Present Financial Properties,1,1,653,649000,,,,,94109,649000,,,,,,
946,Condo for sale,94118,Corcoran Global Living,3,3,0,1950000,,,,,94118,1950000,,,,,,
948,New construction,94103,Keller Williams San Francisco,2,2,955,700000,,,,,94103,700000,,,,,,
949,Condo for sale,94105,Bay Real Estate Group,2,2,1259,1649000,,,,,94105,1649000,,,,,,
950,Condo for sale,94105,Bay Real Estate Group,2,2,1491,2599000,,,,,94105,2599000,,,,,,
951,Under Contract,94109,North Point Real Estate,2,1,852,1400000,,,,,94109,1400000,,,,,,
952,Condo for sale,94109,T. Okamoto & Co.,1,1,616,599000,,,,,94109,599000,,,,,,
954,House for sale,94114,Vanguard Properties,4,0,3160,2195000,,,,,94114,2195000,,,,,,
956,House for sale,94115,Compass,3,2,1032,699000,,,,,94115,699000,,,,,,
957,Condo for sale,94110,Compass,2,1,842,759000,,,,,94110,759000,,,,,,
958,House for sale,94131,BarbCo,3,2,1342,1295000,,,,,94131,1295000,,,,,,
960,Condo for sale,94109,Compass,3,2,1258,1349000,,,,,94109,1349000,,,,,,
961,Condo for sale,94111,San Francisco R.E. Svcs.,2,2,1532,1450000,,,,,94111,1450000,,,,,,
962,House for sale,94114,Compass,4,2,2112,1895000,,,,,94114,1895000,,,,,,
963,House for sale,94117,Vanguard Properties,5,6,3870,3795000,,,,,94117,3795000,,,,,,
964,House for sale,94114,Compass,3,3,800,1000000,,,,,94114,1000000,,,,,,
966,Under Contract,94123,Compass,4,4,3774,3750000,,,,,94123,3750000,,,,,,
967,Condo for sale,94111,Compass,1,1,1030,949000,,,,,94111,949000,,,,,,
968,Condo for sale,94158,Vanguard Properties,2,2,1569,2698888,,,,,94158,2698888,,,,,,
969,Condo for sale,94105,Compass,1,1,694,749000,,,,,94105,749000,,,,,,
970,House for sale,94110,Vanguard Properties,3,2,1475,1295000,,,,,94110,1295000,,,,,,
971,Condo for sale,94115,Coldwell Banker Realty,4,5,4004,4698000,,,,,94115,4698000,,,,,,
972,Condo for sale,94118,Coldwell Banker Realty,2,2,1120,1001150,,,,,94118,1001150,,,,,,
973,Condo for sale,94117,Vanguard Properties,3,3,0,2495000,,,,,94117,2495000,,,,,,
974,New construction,94117,Vanguard Properties,1,1,0,1095000,,,,,94117,1095000,,,,,,
975,Condo for sale,94115,Sotheby's International Realty,3,3,1891,1849000,,,,,94115,1849000,,,,,,
976,Condo for sale,94115,Sotheby's International Realty,4,2,2321,2149000,,,,,94115,2149000,,,,,,
978,Condo for sale,94115,Compass,3,3,1881,2295000,,,,,94115,2295000,,,,,,
979,New construction,94115,"Helena Geng, Broker",3,4,2888,5800000,,,,,94115,5800000,,,,,,
980,House for sale,94114,Vanguard Properties,2,1,0,975000,,,,,94114,975000,,,,,,
981,House for sale,94114,Vanguard Properties,2,2,0,1650000,,,,,94114,1650000,,,,,,
982,Condo for sale,94103,Vanguard Properties,1,1,541,595000,,,,,94103,595000,,,,,,
983,Condo for sale,94118,Corcoran Global Living,3,3,0,1950000,,,,,94118,1950000,,,,,,
984,Condo for sale,94109,Present Financial Properties,1,1,653,649000,,,,,94109,649000,,,,,,
985,New construction,94103,Keller Williams San Francisco,2,2,955,700000,,,,,94103,700000,,,,,,
987,House for sale,94114,Vanguard Properties,4,0,3160,2195000,,,,,94114,2195000,,,,,,
988,Condo for sale,94118,Compass,3,3,2291,1895000,,,,,94118,1895000,,,,,,
989,House for sale,94115,Compass,3,2,1032,699000,,,,,94115,699000,,,,,,
990,House for sale,94122,Pacific Edge,3,3,1900,1595000,,,,,94122,1595000,,,,,,
991,Condo for sale,94110,Compass,2,1,842,759000,,,,,94110,759000,,,,,,
992,House for sale,94131,BarbCo,3,2,1342,1295000,,,,,94131,1295000,,,,,,
993,Condo for sale,94109,Compass,3,2,1258,1349000,,,,,94109,1349000,,,,,,
994,House for sale,94122,Compass SF,1,1,700,699000,,,,,94122,699000,,,,,,
995,Townhouse for sale,94121,Kindred SF Homes,3,2,1297,1395000,,,,,94121,1395000,,,,,,
996,House for sale,94114,Compass,4,2,2112,1895000,,,,,94114,1895000,,,,,,
997,House for sale,94117,Vanguard Properties,5,6,3870,3795000,,,,,94117,3795000,,,,,,
998,House for sale,94114,Compass,3,3,800,1000000,,,,,94114,1000000,,,,,,
1000,House for sale,94122,Vanguard Properties,2,1,0,795000,,,,,94122,795000,,,,,,
1001,Under Contract,94123,Compass,4,4,3774,3750000,,,,,94123,3750000,,,,,,
1002,Condo for sale,94109,Coldwell Banker Realty,2,2,1382,950000,,,,,94109,950000,,,,,,
1003,House for sale,94127,Rise Homes,2,1,1010,1098000,,,,,94127,1098000,,,,,,
1004,House for sale,94116,Corcoran Global Living,3,2,2133,1595000,,,,,94116,1595000,,,,,,
1005,Condo for sale,94131,Compass SF,1,1,886,650000,,,,,94131,650000,,,,,,
1007,Condo for sale,94114,Ascend Real Estate,3,2,1605,1799000,,,,,94114,1799000,,,,,,
1008,Condo for sale,94118,Keller Williams San Francisco,4,3,2700,2495000,,,,,94118,2495000,,,,,,
1009,Condo for sale,94114,Compass,2,2,0,1849000,,,,,94114,1849000,,,,,,
1010,House for sale,94116,Compass,2,1,1075,1195000,,,,,94116,1195000,,,,,,
1012,Condo for sale,94158,Vanguard Properties,2,2,1569,2698888,,,,,94158,2698888,,,,,,
1013,Condo for sale,94158,Compass,2,2,1438,1738888,,,,,94158,1738888,,,,,,
1014,New construction,94158,Compass,2,2,1492,1829000,,,,,94158,1829000,,,,,,
1015,Condo for sale,94158,JODI Realty,2,2,955,1399000,,,,,94158,1399000,,,,,,
1016,Condo for sale,94158,Vanguard Properties,2,3,2435,2995000,,,,,94158,2995000,,,,,,
1017,Condo for sale,94158,Mosaik Real Estate,2,2,1156,1395000,,,,,94158,1395000,,,,,,
1018,Condo for sale,94158,"Side, Inc.",1,1,856,950000,,,,,94158,950000,,,,,,
1019,Condo for sale,94158,Compass,2,2,1160,1525000,,,,,94158,1525000,,,,,,
1020,Condo for sale,94158,Keller Williams San Francisco,2,2,0,1299000,,,,,94158,1299000,,,,,,
1022,New construction,94158,Compass,1,1,943,1160000,,,,,94158,1160000,,,,,,
1023,Under Contract,94158,Better Homes and Gardens Thriv,1,1,728,820000,,,,,94158,820000,,,,,,
1024,Condo for sale,94158,Coldwell Banker Realty,1,1,880,1050000,,,,,94158,1050000,,,,,,
1025,Condo for sale,94158,Skybox Realty,2,2,1372,1650000,,,,,94158,1650000,,,,,,
1026,Under Contract,94158,Compass,2,2,1208,1299000,,,,,94158,1299000,,,,,,
1027,Condo for sale,94158,Corcoran Global Living,2,2,1216,998000,,,,,94158,998000,,,,,,
1028,Condo for sale,94158,Corcoran Global Living,3,3,1780,1687500,,,,,94158,1687500,,,,,,
1029,New construction,94158,SagePoint,3,2,1827,2998000,,,,,94158,2998000,,,,,,
1030,Condo for sale,94158,Home Quest Realty,2,1,783,533786,,,,,94158,533786,,,,,,
1031,Condo for sale,94158,Compass SF,2,2,1156,1399000,,,,,94158,1399000,,,,,,
1032,New construction,94158,SagePoint,0,1,538,825000,,,,,94158,825000,,,,,,
1033,New construction,94158,SagePoint,2,2,1234,1750000,,,,,94158,1750000,,,,,,
1034,Under Contract,94158,Engel & Voelkers San Francisco,3,3,1723,1695000,,,,,94158,1695000,,,,,,
1035,Condo for sale,94158,Compass,1,1,767,1028000,,,,,94158,1028000,,,,,,
1036,Condo for sale,94158,Coldwell Banker Realty,2,2,917,1150000,,,,,94158,1150000,,,,,,
1037,Condo for sale,94103,San Francisco Marketing,2,2,1565,1195000,,,,,94103,1195000,,,,,,
1039,New construction,94103,Keller Williams San Francisco,2,2,955,700000,,,,,94103,700000,,,,,,
1040,House for sale,94110,Redfin,3,2,1450,1190000,,,,,94110,1190000,,,,,,
1043,Condo for sale,94110,Compass,2,1,842,759000,,,,,94110,759000,,,,,,
1044,Condo for sale,94158,Vanguard Properties,2,2,1569,2698888,,,,,94158,2698888,,,,,,
1045,House for sale,94110,Vanguard Properties,3,2,1475,1295000,,,,,94110,1295000,,,,,,
1046,House for sale,94124,Compass SF,4,0,1555,959000,,,,,94124,959000,,,,,,
1047,Condo for sale,94107,Compass,3,1,1297,1050000,,,,,94107,1050000,,,,,,
1048,Condo for sale,94110,Compass,1,2,1003,1099000,,,,,94110,1099000,,,,,,
1051,House for sale,94110,Compass,3,2,1250,1249000,,,,,94110,1249000,,,,,,
1052,Condo for sale,94110,Compass,2,2,1056,1249000,,,,,94110,1249000,,,,,,
1053,New construction,94124,Vanguard Properties,2,1,1120,799000,,,,,94124,799000,,,,,,
1055,Condo for sale,94107,Corcoran Global Living,1,1,887,898000,,,,,94107,898000,,,,,,
1056,Condo for sale,94107,Corcoran Global Living,1,1,866,998000,,,,,94107,998000,,,,,,
1058,House for sale,94110,Corcoran Global Living,2,3,2011,1095000,,,,,94110,1095000,,,,,,
1059,Under Contract,94110,Compass,1,2,1121,1550000,,,,,94110,1550000,,,,,,
1061,House for sale,94110,Makras Real Estate,8,1,2625,1200000,,,,,94110,1200000,,,,,,
1064,House for sale,94134,Better Homes and Gardens Thriv,3,2,1175,998889,,,,,94134,998889,,,,,,
1065,House for sale,94110,Vanguard Properties,4,2,1990,1498000,,,,,94110,1498000,,,,,,
1067,House for sale,94110,Corcoran Global Living,2,2,1300,1098000,,,,,94110,1098000,,,,,,
1068,Condo for sale,94110,Keller Williams San Francisco,2,2,1162,998000,,,,,94110,998000,,,,,,
1072,Condo for sale,94134,Compass,3,2,1424,974000,,,,,94134,974000,,,,,,
1073,House for sale,94107,Compass,3,2,1605,1649000,,,,,94107,1649000,,,,,,
1074,House for sale,94107,Compass,3,2,1191,1349000,,,,,94107,1349000,,,,,,
1075,Condo for sale,94103,"Keller, Scott",1,1,795,685000,,,,,94103,685000,,,,,,
1076,Condo for sale,94134,Far East Realty,2,2,935,699000,,,,,94134,699000,,,,,,
